,state,id,title,url,createdAt,updatedAt,closedAt,labels,number,authorAssociation,author,mergedBy,mergeCommit,deletions,additions,changedFiles,comments,org,repo,openTimeDays
0,OPEN,MDExOlB1bGxSZXF1ZXN0MTM0OTc1MTE0,MDEV-20514 Add feature summary at the end of cmake.,https://github.com/MariaDB/server/pull/434,2017-08-09 19:48:51+00:00,2020-03-26T06:31:41Z,,{'edges': [{'node': {'name': 'license-bsd-new'}}]},434,CONTRIBUTOR,pprkut,,,10,179,21,"{'edges': [{'node': {'authorAssociation': 'MEMBER', 'createdAt': '2017-08-09T21:18:06Z', 'updatedAt': '2017-08-09T21:18:06Z', 'url': 'https://github.com/MariaDB/server/pull/434#issuecomment-321384217', 'author': {'login': 'vaintroub'}}}, {'node': {'authorAssociation': 'CONTRIBUTOR', 'createdAt': '2017-08-10T05:56:22Z', 'updatedAt': '2017-08-10T06:32:56Z', 'url': 'https://github.com/MariaDB/server/pull/434#issuecomment-321458172', 'author': {'login': 'pprkut'}}}, {'node': {'authorAssociation': 'MEMBER', 'createdAt': '2017-08-10T07:44:54Z', 'updatedAt': '2017-08-10T07:44:54Z', 'url': 'https://github.com/MariaDB/server/pull/434#issuecomment-321477084', 'author': {'login': 'grooverdan'}}}, {'node': {'authorAssociation': 'MEMBER', 'createdAt': '2017-08-10T08:08:01Z', 'updatedAt': '2017-08-10T08:08:01Z', 'url': 'https://github.com/MariaDB/server/pull/434#issuecomment-321482047', 'author': {'login': 'vaintroub'}}}, {'node': {'authorAssociation': 'CONTRIBUTOR', 'createdAt': '2017-08-10T08:27:42Z', 'updatedAt': '2017-08-10T08:27:42Z', 'url': 'https://github.com/MariaDB/server/pull/434#issuecomment-321486431', 'author': {'login': 'pprkut'}}}, {'node': {'authorAssociation': 'MEMBER', 'createdAt': '2017-08-12T16:00:18Z', 'updatedAt': '2017-08-12T16:00:18Z', 'url': 'https://github.com/MariaDB/server/pull/434#issuecomment-321989783', 'author': {'login': 'vuvova'}}}, {'node': {'authorAssociation': 'MEMBER', 'createdAt': '2017-08-12T16:04:22Z', 'updatedAt': '2017-08-12T16:04:22Z', 'url': 'https://github.com/MariaDB/server/pull/434#issuecomment-321989992', 'author': {'login': 'vaintroub'}}}, {'node': {'authorAssociation': 'MEMBER', 'createdAt': '2017-08-13T12:05:30Z', 'updatedAt': '2017-08-13T12:05:30Z', 'url': 'https://github.com/MariaDB/server/pull/434#issuecomment-322038111', 'author': {'login': 'vuvova'}}}, {'node': {'authorAssociation': 'CONTRIBUTOR', 'createdAt': '2018-01-17T09:13:39Z', 'updatedAt': '2018-01-17T09:13:39Z', 'url': 'https://github.com/MariaDB/server/pull/434#issuecomment-358242807', 'author': {'login': 'pprkut'}}}, {'node': {'authorAssociation': 'NONE', 'createdAt': '2018-01-17T09:29:42Z', 'updatedAt': '2018-01-17T09:29:42Z', 'url': 'https://github.com/MariaDB/server/pull/434#issuecomment-358246951', 'author': {'login': 'svoj'}}}, {'node': {'authorAssociation': 'NONE', 'createdAt': '2018-03-05T20:24:33Z', 'updatedAt': '2018-03-05T20:24:33Z', 'url': 'https://github.com/MariaDB/server/pull/434#issuecomment-370552616', 'author': {'login': 'codership-jenkins'}}}, {'node': {'authorAssociation': 'CONTRIBUTOR', 'createdAt': '2018-06-29T09:17:06Z', 'updatedAt': '2018-06-29T09:17:06Z', 'url': 'https://github.com/MariaDB/server/pull/434#issuecomment-401298608', 'author': {'login': 'pprkut'}}}, {'node': {'authorAssociation': 'CONTRIBUTOR', 'createdAt': '2018-06-30T07:58:40Z', 'updatedAt': '2018-06-30T07:58:40Z', 'url': 'https://github.com/MariaDB/server/pull/434#issuecomment-401525296', 'author': {'login': 'ottok'}}}, {'node': {'authorAssociation': 'CONTRIBUTOR', 'createdAt': '2018-06-30T08:49:47Z', 'updatedAt': '2018-06-30T08:49:47Z', 'url': 'https://github.com/MariaDB/server/pull/434#issuecomment-401527669', 'author': {'login': 'pprkut'}}}, {'node': {'authorAssociation': 'MEMBER', 'createdAt': '2019-10-24T11:11:01Z', 'updatedAt': '2019-10-24T11:11:01Z', 'url': 'https://github.com/MariaDB/server/pull/434#issuecomment-545868887', 'author': {'login': 'vaintroub'}}}, {'node': {'authorAssociation': 'CONTRIBUTOR', 'createdAt': '2019-10-24T12:50:59Z', 'updatedAt': '2019-10-24T12:50:59Z', 'url': 'https://github.com/MariaDB/server/pull/434#issuecomment-545902757', 'author': {'login': 'pprkut'}}}, {'node': {'authorAssociation': 'MEMBER', 'createdAt': '2019-12-03T09:29:00Z', 'updatedAt': '2019-12-03T09:29:50Z', 'url': 'https://github.com/MariaDB/server/pull/434#issuecomment-561077986', 'author': {'login': 'vaintroub'}}}, {'node': {'authorAssociation': 'NONE', 'createdAt': '2020-03-26T06:31:41Z', 'updatedAt': '2020-03-26T06:31:41Z', 'url': 'https://github.com/MariaDB/server/pull/434#issuecomment-604255333', 'author': {'login': 'CLAassistant'}}}]}",MariaDB,server,143.1744097222222
1,CLOSED,MDExOlB1bGxSZXF1ZXN0MTYwMzk3MDA1,MDEV-15052 - Allow sysusers and tmpfiles install for non-systemd users,https://github.com/MariaDB/server/pull/528,2017-12-28 14:35:29+00:00,2020-01-24T12:20:26Z,2020-01-24 12:20:26+00:00,{'edges': [{'node': {'name': 'license-bsd-new'}}]},528,CONTRIBUTOR,thefallenrat,,,15,15,1,"{'edges': [{'node': {'authorAssociation': 'NONE', 'createdAt': '2018-01-24T10:05:52Z', 'updatedAt': '2018-01-24T10:05:52Z', 'url': 'https://github.com/MariaDB/server/pull/528#issuecomment-360081508', 'author': {'login': 'svoj'}}}, {'node': {'authorAssociation': 'CONTRIBUTOR', 'createdAt': '2018-01-27T13:34:38Z', 'updatedAt': '2018-01-27T13:34:38Z', 'url': 'https://github.com/MariaDB/server/pull/528#issuecomment-360985296', 'author': {'login': 'thefallenrat'}}}, {'node': {'authorAssociation': 'NONE', 'createdAt': '2018-03-05T20:24:09Z', 'updatedAt': '2018-03-05T20:24:09Z', 'url': 'https://github.com/MariaDB/server/pull/528#issuecomment-370552467', 'author': {'login': 'codership-jenkins'}}}, {'node': {'authorAssociation': 'CONTRIBUTOR', 'createdAt': '2019-01-07T09:08:24Z', 'updatedAt': '2019-01-07T09:08:24Z', 'url': 'https://github.com/MariaDB/server/pull/528#issuecomment-451867396', 'author': {'login': 'ottok'}}}, {'node': {'authorAssociation': 'MEMBER', 'createdAt': '2019-04-03T22:29:30Z', 'updatedAt': '2019-04-03T22:29:30Z', 'url': 'https://github.com/MariaDB/server/pull/528#issuecomment-479681952', 'author': {'login': 'grooverdan'}}}, {'node': {'authorAssociation': 'MEMBER', 'createdAt': '2019-04-03T22:41:31Z', 'updatedAt': '2019-04-03T22:41:42Z', 'url': 'https://github.com/MariaDB/server/pull/528#issuecomment-479684752', 'author': {'login': 'grooverdan'}}}, {'node': {'authorAssociation': 'CONTRIBUTOR', 'createdAt': '2019-04-10T17:20:11Z', 'updatedAt': '2019-04-10T17:23:31Z', 'url': 'https://github.com/MariaDB/server/pull/528#issuecomment-481782586', 'author': {'login': 'fauust'}}}, {'node': {'authorAssociation': 'CONTRIBUTOR', 'createdAt': '2019-07-29T05:20:45Z', 'updatedAt': '2019-08-03T12:04:46Z', 'url': 'https://github.com/MariaDB/server/pull/528#issuecomment-515848448', 'author': {'login': 'thefallenrat'}}}, {'node': {'authorAssociation': 'MEMBER', 'createdAt': '2020-01-23T20:00:21Z', 'updatedAt': '2020-01-23T20:01:51Z', 'url': 'https://github.com/MariaDB/server/pull/528#issuecomment-577850108', 'author': {'login': 'cvicentiu'}}}, {'node': {'authorAssociation': 'MEMBER', 'createdAt': '2020-01-24T12:20:26Z', 'updatedAt': '2020-01-24T12:20:26Z', 'url': 'https://github.com/MariaDB/server/pull/528#issuecomment-578109027', 'author': {'login': 'cvicentiu'}}}]}",MariaDB,server,2.392025462962963
2,CLOSED,MDExOlB1bGxSZXF1ZXN0MTU5OTg0MjIx,MDEV-14753 Fix build on OSX with 10.13 SDK,https://github.com/MariaDB/server/pull/524,2017-12-24 00:29:22+00:00,2018-01-24T12:17:51Z,2018-01-24 12:17:51+00:00,{'edges': []},524,CONTRIBUTOR,howard0su,,,1,1,1,"{'edges': [{'node': {'authorAssociation': 'MEMBER', 'createdAt': '2018-01-08T12:08:39Z', 'updatedAt': '2018-01-08T12:08:39Z', 'url': 'https://github.com/MariaDB/server/pull/524#issuecomment-355950040', 'author': {'login': 'cvicentiu'}}}, {'node': {'authorAssociation': 'CONTRIBUTOR', 'createdAt': '2018-01-08T15:49:23Z', 'updatedAt': '2018-01-08T15:49:23Z', 'url': 'https://github.com/MariaDB/server/pull/524#issuecomment-356004494', 'author': {'login': 'dr-m'}}}, {'node': {'authorAssociation': 'NONE', 'createdAt': '2018-01-16T10:33:55Z', 'updatedAt': '2018-01-16T10:33:55Z', 'url': 'https://github.com/MariaDB/server/pull/524#issuecomment-357919338', 'author': {'login': 'svoj'}}}, {'node': {'authorAssociation': 'MEMBER', 'createdAt': '2018-01-21T07:45:47Z', 'updatedAt': '2018-01-21T07:45:47Z', 'url': 'https://github.com/MariaDB/server/pull/524#issuecomment-359230171', 'author': {'login': 'grooverdan'}}}, {'node': {'authorAssociation': 'CONTRIBUTOR', 'createdAt': '2018-01-24T07:50:48Z', 'updatedAt': '2018-01-24T07:50:48Z', 'url': 'https://github.com/MariaDB/server/pull/524#issuecomment-360048457', 'author': {'login': 'howard0su'}}}, {'node': {'authorAssociation': 'CONTRIBUTOR', 'createdAt': '2018-01-24T12:17:48Z', 'updatedAt': '2018-01-24T12:17:48Z', 'url': 'https://github.com/MariaDB/server/pull/524#issuecomment-360113054', 'author': {'login': 'dr-m'}}}]}",MariaDB,server,6.979606481481482
3,CLOSED,MDExOlB1bGxSZXF1ZXN0MTU5Njc0NjQ5,fix some clang warnings,https://github.com/MariaDB/server/pull/522,2017-12-21 14:48:46+00:00,2018-09-28T16:00:24Z,2018-04-24 10:05:16+00:00,{'edges': []},522,CONTRIBUTOR,kevgs,,,140,138,45,"{'edges': [{'node': {'authorAssociation': 'MEMBER', 'createdAt': '2017-12-21T15:49:24Z', 'updatedAt': '2017-12-21T15:49:24Z', 'url': 'https://github.com/MariaDB/server/pull/522#issuecomment-353384716', 'author': {'login': 'cvicentiu'}}}, {'node': {'authorAssociation': 'CONTRIBUTOR', 'createdAt': '2017-12-21T15:55:10Z', 'updatedAt': '2017-12-21T15:55:10Z', 'url': 'https://github.com/MariaDB/server/pull/522#issuecomment-353386247', 'author': {'login': 'kevgs'}}}, {'node': {'authorAssociation': 'CONTRIBUTOR', 'createdAt': '2017-12-27T13:07:31Z', 'updatedAt': '2017-12-27T13:07:31Z', 'url': 'https://github.com/MariaDB/server/pull/522#issuecomment-354111443', 'author': {'login': 'kevgs'}}}, {'node': {'authorAssociation': 'CONTRIBUTOR', 'createdAt': '2018-01-18T13:15:45Z', 'updatedAt': '2018-01-18T13:15:45Z', 'url': 'https://github.com/MariaDB/server/pull/522#issuecomment-358643047', 'author': {'login': 'kevgs'}}}, {'node': {'authorAssociation': 'NONE', 'createdAt': '2018-03-05T20:24:10Z', 'updatedAt': '2018-03-05T20:24:10Z', 'url': 'https://github.com/MariaDB/server/pull/522#issuecomment-370552480', 'author': {'login': 'codership-jenkins'}}}, {'node': {'authorAssociation': 'NONE', 'createdAt': '2018-04-24T09:12:04Z', 'updatedAt': '2018-04-24T09:12:04Z', 'url': 'https://github.com/MariaDB/server/pull/522#issuecomment-383861278', 'author': {'login': 'svoj'}}}, {'node': {'authorAssociation': 'CONTRIBUTOR', 'createdAt': '2018-04-24T10:05:16Z', 'updatedAt': '2018-04-24T10:05:16Z', 'url': 'https://github.com/MariaDB/server/pull/522#issuecomment-383877073', 'author': {'login': 'dr-m'}}}, {'node': {'authorAssociation': 'CONTRIBUTOR', 'createdAt': '2018-04-24T10:14:03Z', 'updatedAt': '2018-04-24T10:14:03Z', 'url': 'https://github.com/MariaDB/server/pull/522#issuecomment-383879499', 'author': {'login': 'dr-m'}}}]}",MariaDB,server,9.382800925925926
4,CLOSED,MDExOlB1bGxSZXF1ZXN0MTU5NDI2Njk1,MDEV-16371 - Fix for memory write order inversion and other issues related to MW-328A,https://github.com/MariaDB/server/pull/520,2017-12-20 14:14:44+00:00,2019-09-23T11:30:24Z,2019-09-23 11:30:23+00:00,{'edges': []},520,CONTRIBUTOR,sysprg,,,60,88,17,"{'edges': [{'node': {'authorAssociation': 'NONE', 'createdAt': '2018-03-05T20:24:12Z', 'updatedAt': '2018-03-05T20:24:12Z', 'url': 'https://github.com/MariaDB/server/pull/520#issuecomment-370552489', 'author': {'login': 'codership-jenkins'}}}, {'node': {'authorAssociation': 'NONE', 'createdAt': '2018-05-31T12:04:48Z', 'updatedAt': '2018-05-31T12:04:48Z', 'url': 'https://github.com/MariaDB/server/pull/520#issuecomment-393508623', 'author': {'login': 'svoj'}}}, {'node': {'authorAssociation': 'NONE', 'createdAt': '2019-09-23T11:30:23Z', 'updatedAt': '2019-09-23T11:30:23Z', 'url': 'https://github.com/MariaDB/server/pull/520#issuecomment-534059898', 'author': {'login': 'svoj'}}}]}",MariaDB,server,10.406435185185185
5,CLOSED,MDExOlB1bGxSZXF1ZXN0MTU5MDI3MjM0,SQL: renamed field_visibility to invisible,https://github.com/MariaDB/server/pull/517,2017-12-18 21:54:16+00:00,2020-05-20T12:46:28Z,2018-01-23 12:40:40+00:00,{'edges': []},517,CONTRIBUTOR,midenok,,,49,51,10,"{'edges': [{'node': {'authorAssociation': 'NONE', 'createdAt': '2018-01-23T12:40:40Z', 'updatedAt': '2018-01-23T12:40:40Z', 'url': 'https://github.com/MariaDB/server/pull/517#issuecomment-359778476', 'author': {'login': 'svoj'}}}]}",MariaDB,server,12.087314814814814
6,CLOSED,MDExOlB1bGxSZXF1ZXN0MTU4NDg4MTQ2,MDEV-14578: mysql_install_db install unix_socket plugin when --auth-r…,https://github.com/MariaDB/server/pull/514,2017-12-14 23:21:01+00:00,2019-01-09T22:47:06Z,2018-05-18 06:12:34+00:00,{'edges': []},514,MEMBER,grooverdan,,,16,87,6,"{'edges': [{'node': {'authorAssociation': 'NONE', 'createdAt': '2018-03-05T20:24:14Z', 'updatedAt': '2018-03-05T20:24:14Z', 'url': 'https://github.com/MariaDB/server/pull/514#issuecomment-370552509', 'author': {'login': 'codership-jenkins'}}}, {'node': {'authorAssociation': 'MEMBER', 'createdAt': '2018-04-06T05:08:49Z', 'updatedAt': '2018-04-06T05:08:49Z', 'url': 'https://github.com/MariaDB/server/pull/514#issuecomment-379149489', 'author': {'login': 'grooverdan'}}}, {'node': {'authorAssociation': 'MEMBER', 'createdAt': '2018-05-18T06:12:34Z', 'updatedAt': '2018-05-18T06:12:34Z', 'url': 'https://github.com/MariaDB/server/pull/514#issuecomment-390105066', 'author': {'login': 'grooverdan'}}}, {'node': {'authorAssociation': 'NONE', 'createdAt': '2019-01-09T22:47:06Z', 'updatedAt': '2019-01-09T22:47:06Z', 'url': 'https://github.com/MariaDB/server/pull/514#issuecomment-452898302', 'author': {'login': 'dbjpanda'}}}]}",MariaDB,server,16.027071759259258
7,CLOSED,MDExOlB1bGxSZXF1ZXN0MTU4MDEyNzQ4,MDEV-15043 - Scripts: compilation warnings suppression,https://github.com/MariaDB/server/pull/511,2017-12-13 06:27:01+00:00,2020-05-20T12:46:23Z,2018-01-24 12:10:31+00:00,{'edges': []},511,CONTRIBUTOR,midenok,,,0,141,3,"{'edges': [{'node': {'authorAssociation': 'NONE', 'createdAt': '2018-01-24T07:35:44Z', 'updatedAt': '2018-01-24T07:35:44Z', 'url': 'https://github.com/MariaDB/server/pull/511#issuecomment-360045619', 'author': {'login': 'svoj'}}}, {'node': {'authorAssociation': 'MEMBER', 'createdAt': '2018-01-24T12:10:31Z', 'updatedAt': '2018-01-24T12:10:31Z', 'url': 'https://github.com/MariaDB/server/pull/511#issuecomment-360111454', 'author': {'login': 'vaintroub'}}}, {'node': {'authorAssociation': 'CONTRIBUTOR', 'createdAt': '2018-01-24T12:18:35Z', 'updatedAt': '2018-01-24T12:23:45Z', 'url': 'https://github.com/MariaDB/server/pull/511#issuecomment-360113237', 'author': {'login': 'midenok'}}}, {'node': {'authorAssociation': 'NONE', 'createdAt': '2018-01-24T12:54:29Z', 'updatedAt': '2018-01-24T12:54:29Z', 'url': 'https://github.com/MariaDB/server/pull/511#issuecomment-360122007', 'author': {'login': 'svoj'}}}, {'node': {'authorAssociation': 'CONTRIBUTOR', 'createdAt': '2018-01-24T13:11:44Z', 'updatedAt': '2018-01-24T13:13:28Z', 'url': 'https://github.com/MariaDB/server/pull/511#issuecomment-360127528', 'author': {'login': 'midenok'}}}, {'node': {'authorAssociation': 'MEMBER', 'createdAt': '2018-01-24T13:18:33Z', 'updatedAt': '2018-01-24T13:18:33Z', 'url': 'https://github.com/MariaDB/server/pull/511#issuecomment-360129934', 'author': {'login': 'vaintroub'}}}, {'node': {'authorAssociation': 'MEMBER', 'createdAt': '2018-01-24T22:46:03Z', 'updatedAt': '2018-01-24T22:49:09Z', 'url': 'https://github.com/MariaDB/server/pull/511#issuecomment-360299832', 'author': {'login': 'vaintroub'}}}]}",MariaDB,server,17.731238425925927
8,CLOSED,MDExOlB1bGxSZXF1ZXN0MTU3NzM0OTkz,MDEV-11670: systemd multi-instance,https://github.com/MariaDB/server/pull/510,2017-12-12 04:34:01+00:00,2019-06-16T23:25:23Z,2019-06-14 14:01:15+00:00,{'edges': [{'node': {'name': 'license-mca'}}]},510,MEMBER,grooverdan,,,59,165,2,"{'edges': [{'node': {'authorAssociation': 'MEMBER', 'createdAt': '2018-03-05T08:35:04Z', 'updatedAt': '2018-03-05T08:35:04Z', 'url': 'https://github.com/MariaDB/server/pull/510#issuecomment-370345430', 'author': {'login': 'grooverdan'}}}, {'node': {'authorAssociation': 'NONE', 'createdAt': '2018-03-05T20:24:16Z', 'updatedAt': '2018-03-05T20:24:16Z', 'url': 'https://github.com/MariaDB/server/pull/510#issuecomment-370552517', 'author': {'login': 'codership-jenkins'}}}, {'node': {'authorAssociation': 'MEMBER', 'createdAt': '2018-03-13T23:22:13Z', 'updatedAt': '2018-03-13T23:22:13Z', 'url': 'https://github.com/MariaDB/server/pull/510#issuecomment-372852086', 'author': {'login': 'grooverdan'}}}, {'node': {'authorAssociation': 'MEMBER', 'createdAt': '2018-05-15T07:35:56Z', 'updatedAt': '2018-05-15T07:35:56Z', 'url': 'https://github.com/MariaDB/server/pull/510#issuecomment-389072646', 'author': {'login': 'grooverdan'}}}, {'node': {'authorAssociation': 'NONE', 'createdAt': '2018-05-21T22:27:37Z', 'updatedAt': '2018-05-21T22:27:37Z', 'url': 'https://github.com/MariaDB/server/pull/510#issuecomment-390801929', 'author': {'login': 'ProCycleDev'}}}, {'node': {'authorAssociation': 'MEMBER', 'createdAt': '2018-12-12T04:49:32Z', 'updatedAt': '2018-12-12T04:49:32Z', 'url': 'https://github.com/MariaDB/server/pull/510#issuecomment-446461183', 'author': {'login': 'grooverdan'}}}, {'node': {'authorAssociation': 'CONTRIBUTOR', 'createdAt': '2019-01-07T09:03:55Z', 'updatedAt': '2019-01-07T09:03:55Z', 'url': 'https://github.com/MariaDB/server/pull/510#issuecomment-451866270', 'author': {'login': 'ottok'}}}, {'node': {'authorAssociation': 'MEMBER', 'createdAt': '2019-01-15T23:07:41Z', 'updatedAt': '2019-01-15T23:07:41Z', 'url': 'https://github.com/MariaDB/server/pull/510#issuecomment-454586817', 'author': {'login': 'grooverdan'}}}, {'node': {'authorAssociation': 'CONTRIBUTOR', 'createdAt': '2019-01-15T23:43:24Z', 'updatedAt': '2019-01-15T23:43:24Z', 'url': 'https://github.com/MariaDB/server/pull/510#issuecomment-454594812', 'author': {'login': 'fauust'}}}, {'node': {'authorAssociation': 'CONTRIBUTOR', 'createdAt': '2019-01-15T23:45:48Z', 'updatedAt': '2019-01-15T23:45:48Z', 'url': 'https://github.com/MariaDB/server/pull/510#issuecomment-454595338', 'author': {'login': 'fauust'}}}, {'node': {'authorAssociation': 'MEMBER', 'createdAt': '2019-01-16T01:01:38Z', 'updatedAt': '2019-01-16T04:02:30Z', 'url': 'https://github.com/MariaDB/server/pull/510#issuecomment-454610977', 'author': {'login': 'grooverdan'}}}, {'node': {'authorAssociation': 'CONTRIBUTOR', 'createdAt': '2019-01-17T19:55:06Z', 'updatedAt': '2019-01-17T19:55:29Z', 'url': 'https://github.com/MariaDB/server/pull/510#issuecomment-455310095', 'author': {'login': 'ottok'}}}, {'node': {'authorAssociation': 'MEMBER', 'createdAt': '2019-01-18T04:13:40Z', 'updatedAt': '2019-01-18T04:13:40Z', 'url': 'https://github.com/MariaDB/server/pull/510#issuecomment-455421993', 'author': {'login': 'grooverdan'}}}, {'node': {'authorAssociation': 'MEMBER', 'createdAt': '2019-01-30T22:27:06Z', 'updatedAt': '2019-01-30T22:27:06Z', 'url': 'https://github.com/MariaDB/server/pull/510#issuecomment-459135113', 'author': {'login': 'grooverdan'}}}, {'node': {'authorAssociation': 'CONTRIBUTOR', 'createdAt': '2019-02-05T21:51:51Z', 'updatedAt': '2019-02-05T21:51:51Z', 'url': 'https://github.com/MariaDB/server/pull/510#issuecomment-460818099', 'author': {'login': 'fauust'}}}, {'node': {'authorAssociation': 'CONTRIBUTOR', 'createdAt': '2019-02-07T11:02:24Z', 'updatedAt': '2019-02-07T11:02:24Z', 'url': 'https://github.com/MariaDB/server/pull/510#issuecomment-461375548', 'author': {'login': 'fauust'}}}, {'node': {'authorAssociation': 'MEMBER', 'createdAt': '2019-02-08T08:54:16Z', 'updatedAt': '2019-02-08T08:54:16Z', 'url': 'https://github.com/MariaDB/server/pull/510#issuecomment-461732991', 'author': {'login': 'grooverdan'}}}, {'node': {'authorAssociation': 'CONTRIBUTOR', 'createdAt': '2019-02-11T11:39:38Z', 'updatedAt': '2019-02-11T14:46:51Z', 'url': 'https://github.com/MariaDB/server/pull/510#issuecomment-462298464', 'author': {'login': 'fauust'}}}, {'node': {'authorAssociation': 'MEMBER', 'createdAt': '2019-02-12T01:50:07Z', 'updatedAt': '2019-02-12T01:50:07Z', 'url': 'https://github.com/MariaDB/server/pull/510#issuecomment-462578976', 'author': {'login': 'grooverdan'}}}, {'node': {'authorAssociation': 'CONTRIBUTOR', 'createdAt': '2019-02-12T08:46:36Z', 'updatedAt': '2019-02-12T08:46:36Z', 'url': 'https://github.com/MariaDB/server/pull/510#issuecomment-462670381', 'author': {'login': 'fauust'}}}, {'node': {'authorAssociation': 'CONTRIBUTOR', 'createdAt': '2019-02-12T18:28:41Z', 'updatedAt': '2019-02-12T18:28:41Z', 'url': 'https://github.com/MariaDB/server/pull/510#issuecomment-462877469', 'author': {'login': 'fauust'}}}, {'node': {'authorAssociation': 'MEMBER', 'createdAt': '2019-02-12T20:41:36Z', 'updatedAt': '2019-02-12T20:41:36Z', 'url': 'https://github.com/MariaDB/server/pull/510#issuecomment-462926044', 'author': {'login': 'grooverdan'}}}, {'node': {'authorAssociation': 'CONTRIBUTOR', 'createdAt': '2019-02-13T08:38:49Z', 'updatedAt': '2019-02-13T08:38:49Z', 'url': 'https://github.com/MariaDB/server/pull/510#issuecomment-463108168', 'author': {'login': 'fauust'}}}, {'node': {'authorAssociation': 'CONTRIBUTOR', 'createdAt': '2019-02-18T19:20:42Z', 'updatedAt': '2019-02-18T19:20:42Z', 'url': 'https://github.com/MariaDB/server/pull/510#issuecomment-464849245', 'author': {'login': 'ottok'}}}, {'node': {'authorAssociation': 'MEMBER', 'createdAt': '2019-03-18T00:42:32Z', 'updatedAt': '2019-03-18T00:42:32Z', 'url': 'https://github.com/MariaDB/server/pull/510#issuecomment-473733059', 'author': {'login': 'grooverdan'}}}, {'node': {'authorAssociation': 'NONE', 'createdAt': '2019-06-14T13:54:48Z', 'updatedAt': '2019-06-14T14:06:23Z', 'url': 'https://github.com/MariaDB/server/pull/510#issuecomment-502118444', 'author': {'login': 'CLAassistant'}}}, {'node': {'authorAssociation': 'MEMBER', 'createdAt': '2019-06-14T14:01:36Z', 'updatedAt': '2019-06-14T14:01:36Z', 'url': 'https://github.com/MariaDB/server/pull/510#issuecomment-502120833', 'author': {'login': 'hgxl64'}}}]}",MariaDB,server,18.809710648148148
9,MERGED,MDExOlB1bGxSZXF1ZXN0MTU3NzM0MDQ3,mysql_install_db: Use --defaults-group-suffix if specified,https://github.com/MariaDB/server/pull/509,2017-12-12 04:23:56+00:00,2018-01-12T08:09:15Z,2018-01-12 08:09:07+00:00,{'edges': []},509,MEMBER,grooverdan,{'login': 'svoj'},{'oid': '5ea28015d5864bec1e44722bbc7a3d1f2371c85d'},2,5,1,"{'edges': [{'node': {'authorAssociation': 'NONE', 'createdAt': '2018-01-12T08:09:15Z', 'updatedAt': '2018-01-12T08:09:15Z', 'url': 'https://github.com/MariaDB/server/pull/509#issuecomment-357170314', 'author': {'login': 'svoj'}}}]}",MariaDB,server,18.816712962962963
10,CLOSED,MDExOlB1bGxSZXF1ZXN0MTU2NjE0MjAw,"MDEV-14617 - mysql_install_db{.sh}: if no basedir set, use CMAKE_INSTALL_PREFIX as basedir",https://github.com/MariaDB/server/pull/508,2017-12-06 00:51:31+00:00,2018-04-11T09:54:18Z,2018-04-11 09:54:18+00:00,{'edges': []},508,MEMBER,grooverdan,,,26,40,1,"{'edges': [{'node': {'authorAssociation': 'NONE', 'createdAt': '2017-12-11T11:46:11Z', 'updatedAt': '2017-12-11T11:46:11Z', 'url': 'https://github.com/MariaDB/server/pull/508#issuecomment-350701781', 'author': {'login': 'svoj'}}}, {'node': {'authorAssociation': 'NONE', 'createdAt': '2018-03-05T20:24:18Z', 'updatedAt': '2018-03-05T20:24:18Z', 'url': 'https://github.com/MariaDB/server/pull/508#issuecomment-370552531', 'author': {'login': 'codership-jenkins'}}}, {'node': {'authorAssociation': 'MEMBER', 'createdAt': '2018-04-11T09:54:18Z', 'updatedAt': '2018-04-11T09:54:18Z', 'url': 'https://github.com/MariaDB/server/pull/508#issuecomment-380395679', 'author': {'login': 'vuvova'}}}]}",MariaDB,server,24.964224537037037
11,CLOSED,MDExOlB1bGxSZXF1ZXN0MTU1Nzg0OTU0,travis: backport 10.3 changes,https://github.com/MariaDB/server/pull/505,2017-12-01 05:18:51+00:00,2019-06-04T08:40:29Z,2019-06-04 08:40:29+00:00,{'edges': []},505,MEMBER,grooverdan,,,111,102,4,"{'edges': [{'node': {'authorAssociation': 'NONE', 'createdAt': '2017-12-01T05:36:00Z', 'updatedAt': '2017-12-01T05:36:00Z', 'url': 'https://github.com/MariaDB/server/pull/505#issuecomment-348405993', 'author': {'login': 'svoj'}}}, {'node': {'authorAssociation': 'MEMBER', 'createdAt': '2017-12-01T05:45:46Z', 'updatedAt': '2017-12-01T05:45:46Z', 'url': 'https://github.com/MariaDB/server/pull/505#issuecomment-348407120', 'author': {'login': 'grooverdan'}}}, {'node': {'authorAssociation': 'NONE', 'createdAt': '2017-12-01T06:30:30Z', 'updatedAt': '2017-12-01T06:30:30Z', 'url': 'https://github.com/MariaDB/server/pull/505#issuecomment-348413088', 'author': {'login': 'svoj'}}}, {'node': {'authorAssociation': 'NONE', 'createdAt': '2018-03-05T20:24:19Z', 'updatedAt': '2018-03-05T20:24:19Z', 'url': 'https://github.com/MariaDB/server/pull/505#issuecomment-370552541', 'author': {'login': 'codership-jenkins'}}}, {'node': {'authorAssociation': 'MEMBER', 'createdAt': '2018-07-01T22:10:49Z', 'updatedAt': '2018-07-01T22:10:49Z', 'url': 'https://github.com/MariaDB/server/pull/505#issuecomment-401636872', 'author': {'login': 'grooverdan'}}}, {'node': {'authorAssociation': 'MEMBER', 'createdAt': '2018-08-21T23:26:23Z', 'updatedAt': '2018-08-21T23:26:23Z', 'url': 'https://github.com/MariaDB/server/pull/505#issuecomment-414853998', 'author': {'login': 'grooverdan'}}}, {'node': {'authorAssociation': 'NONE', 'createdAt': '2019-05-22T07:46:00Z', 'updatedAt': '2019-05-22T07:46:00Z', 'url': 'https://github.com/MariaDB/server/pull/505#issuecomment-494692129', 'author': {'login': 'svoj'}}}, {'node': {'authorAssociation': 'NONE', 'createdAt': '2019-06-04T08:40:29Z', 'updatedAt': '2019-06-04T08:40:29Z', 'url': 'https://github.com/MariaDB/server/pull/505#issuecomment-498579049', 'author': {'login': 'svoj'}}}]}",MariaDB,server,29.77857638888889
12,CLOSED,MDExOlB1bGxSZXF1ZXN0MTU0NjI3NzE4,FreeBSD/clang fixes.,https://github.com/MariaDB/server/pull/504,2017-11-25 07:16:00+00:00,2020-07-31T21:42:52Z,2020-07-29 03:23:35+00:00,{'edges': []},504,CONTRIBUTOR,devnexen,,,2,5,3,"{'edges': [{'node': {'authorAssociation': 'MEMBER', 'createdAt': '2017-11-25T12:30:32Z', 'updatedAt': '2017-11-25T12:30:32Z', 'url': 'https://github.com/MariaDB/server/pull/504#issuecomment-346937785', 'author': {'login': 'vuvova'}}}, {'node': {'authorAssociation': 'CONTRIBUTOR', 'createdAt': '2017-11-25T12:45:45Z', 'updatedAt': '2017-11-25T12:45:45Z', 'url': 'https://github.com/MariaDB/server/pull/504#issuecomment-346938502', 'author': {'login': 'devnexen'}}}, {'node': {'authorAssociation': 'MEMBER', 'createdAt': '2017-11-25T13:58:59Z', 'updatedAt': '2017-11-25T13:58:59Z', 'url': 'https://github.com/MariaDB/server/pull/504#issuecomment-346942173', 'author': {'login': 'vuvova'}}}, {'node': {'authorAssociation': 'MEMBER', 'createdAt': '2017-11-29T15:37:16Z', 'updatedAt': '2017-11-29T15:37:16Z', 'url': 'https://github.com/MariaDB/server/pull/504#issuecomment-347898471', 'author': {'login': 'vuvova'}}}, {'node': {'authorAssociation': 'NONE', 'createdAt': '2018-03-05T20:24:21Z', 'updatedAt': '2018-03-05T20:24:21Z', 'url': 'https://github.com/MariaDB/server/pull/504#issuecomment-370552552', 'author': {'login': 'codership-jenkins'}}}, {'node': {'authorAssociation': 'CONTRIBUTOR', 'createdAt': '2020-07-31T21:42:52Z', 'updatedAt': '2020-07-31T21:42:52Z', 'url': 'https://github.com/MariaDB/server/pull/504#issuecomment-667394063', 'author': {'login': 'devnexen'}}}]}",MariaDB,server,35.69722222222222
13,MERGED,MDExOlB1bGxSZXF1ZXN0MTUzMTg1ODk1,MDEV-15838 - item_cmp_type: simplier for a faster codepath,https://github.com/MariaDB/server/pull/498,2017-11-17 00:23:12+00:00,2018-08-22T06:52:52Z,2018-08-22 06:39:31+00:00,{'edges': []},498,MEMBER,grooverdan,{'login': 'cvicentiu'},{'oid': '064ba8cc9f429fbf403f8d2c564e5f59f6799df9'},6,4,1,"{'edges': [{'node': {'authorAssociation': 'MEMBER', 'createdAt': '2017-12-05T10:05:51Z', 'updatedAt': '2017-12-05T10:05:51Z', 'url': 'https://github.com/MariaDB/server/pull/498#issuecomment-349256266', 'author': {'login': 'cvicentiu'}}}, {'node': {'authorAssociation': 'MEMBER', 'createdAt': '2018-01-17T08:31:41Z', 'updatedAt': '2018-01-17T09:11:30Z', 'url': 'https://github.com/MariaDB/server/pull/498#issuecomment-358232895', 'author': {'login': 'grooverdan'}}}, {'node': {'authorAssociation': 'MEMBER', 'createdAt': '2018-02-04T11:55:52Z', 'updatedAt': '2018-02-04T11:55:52Z', 'url': 'https://github.com/MariaDB/server/pull/498#issuecomment-362901254', 'author': {'login': 'grooverdan'}}}, {'node': {'authorAssociation': 'MEMBER', 'createdAt': '2018-02-25T04:29:05Z', 'updatedAt': '2018-02-25T04:29:05Z', 'url': 'https://github.com/MariaDB/server/pull/498#issuecomment-368282400', 'author': {'login': 'grooverdan'}}}, {'node': {'authorAssociation': 'NONE', 'createdAt': '2018-03-05T20:24:23Z', 'updatedAt': '2018-03-05T20:24:23Z', 'url': 'https://github.com/MariaDB/server/pull/498#issuecomment-370552565', 'author': {'login': 'codership-jenkins'}}}, {'node': {'authorAssociation': 'MEMBER', 'createdAt': '2018-04-06T05:11:55Z', 'updatedAt': '2018-04-06T05:11:55Z', 'url': 'https://github.com/MariaDB/server/pull/498#issuecomment-379149818', 'author': {'login': 'grooverdan'}}}, {'node': {'authorAssociation': 'MEMBER', 'createdAt': '2018-08-22T06:52:51Z', 'updatedAt': '2018-08-22T06:52:51Z', 'url': 'https://github.com/MariaDB/server/pull/498#issuecomment-414930379', 'author': {'login': 'grooverdan'}}}]}",MariaDB,server,43.98388888888889
14,CLOSED,MDExOlB1bGxSZXF1ZXN0MTUyOTgwMDkw,Plugins to limit binlog sending/receiving speed.,https://github.com/MariaDB/server/pull/496,2017-11-16 08:41:43+00:00,2019-09-20T06:48:27Z,2019-09-20 06:48:27+00:00,{'edges': [{'node': {'name': 'license-mca'}}]},496,NONE,klaywang,,,0,1360,9,"{'edges': [{'node': {'authorAssociation': 'NONE', 'createdAt': '2017-11-16T08:43:30Z', 'updatedAt': '2017-11-16T08:43:30Z', 'url': 'https://github.com/MariaDB/server/pull/496#issuecomment-344853716', 'author': {'login': 'klaywang'}}}, {'node': {'authorAssociation': 'CONTRIBUTOR', 'createdAt': '2017-11-28T13:18:55Z', 'updatedAt': '2017-11-28T13:18:55Z', 'url': 'https://github.com/MariaDB/server/pull/496#issuecomment-347520865', 'author': {'login': 'montywi'}}}, {'node': {'authorAssociation': 'NONE', 'createdAt': '2017-11-30T15:00:08Z', 'updatedAt': '2017-11-30T15:00:08Z', 'url': 'https://github.com/MariaDB/server/pull/496#issuecomment-348213233', 'author': {'login': 'felixliang'}}}, {'node': {'authorAssociation': 'NONE', 'createdAt': '2017-11-30T15:45:15Z', 'updatedAt': '2017-11-30T15:45:15Z', 'url': 'https://github.com/MariaDB/server/pull/496#issuecomment-348227641', 'author': {'login': 'svoj'}}}, {'node': {'authorAssociation': 'NONE', 'createdAt': '2018-03-05T20:24:25Z', 'updatedAt': '2018-03-05T20:24:25Z', 'url': 'https://github.com/MariaDB/server/pull/496#issuecomment-370552581', 'author': {'login': 'codership-jenkins'}}}, {'node': {'authorAssociation': 'CONTRIBUTOR', 'createdAt': '2019-09-12T14:04:55Z', 'updatedAt': '2019-09-12T14:04:55Z', 'url': 'https://github.com/MariaDB/server/pull/496#issuecomment-530841855', 'author': {'login': 'andrelkin'}}}, {'node': {'authorAssociation': 'NONE', 'createdAt': '2019-09-20T06:48:27Z', 'updatedAt': '2019-09-20T06:48:27Z', 'url': 'https://github.com/MariaDB/server/pull/496#issuecomment-533430894', 'author': {'login': 'klaywang'}}}]}",MariaDB,server,44.637696759259256
15,CLOSED,MDExOlB1bGxSZXF1ZXN0MTUyMDc0MDc5,MDEV-14528 - Track master timestamp in case rolling back to serial replication,https://github.com/MariaDB/server/pull/484,2017-11-11 20:40:42+00:00,2019-05-30T13:50:29Z,2019-05-30 13:50:29+00:00,{'edges': [{'node': {'name': 'license-bsd-new'}}]},484,CONTRIBUTOR,WIgor,,,0,8,1,"{'edges': [{'node': {'authorAssociation': 'NONE', 'createdAt': '2017-11-29T09:19:17Z', 'updatedAt': '2017-11-29T09:19:17Z', 'url': 'https://github.com/MariaDB/server/pull/484#issuecomment-347799658', 'author': {'login': 'svoj'}}}, {'node': {'authorAssociation': 'CONTRIBUTOR', 'createdAt': '2017-11-29T10:17:19Z', 'updatedAt': '2017-11-29T10:17:19Z', 'url': 'https://github.com/MariaDB/server/pull/484#issuecomment-347815098', 'author': {'login': 'WIgor'}}}, {'node': {'authorAssociation': 'NONE', 'createdAt': '2018-03-05T20:24:27Z', 'updatedAt': '2018-03-05T20:24:27Z', 'url': 'https://github.com/MariaDB/server/pull/484#issuecomment-370552591', 'author': {'login': 'codership-jenkins'}}}, {'node': {'authorAssociation': 'MEMBER', 'createdAt': '2018-05-15T11:59:32Z', 'updatedAt': '2018-05-15T11:59:32Z', 'url': 'https://github.com/MariaDB/server/pull/484#issuecomment-389141190', 'author': {'login': 'SachinSetiya'}}}, {'node': {'authorAssociation': 'CONTRIBUTOR', 'createdAt': '2018-05-15T13:59:49Z', 'updatedAt': '2018-05-15T13:59:49Z', 'url': 'https://github.com/MariaDB/server/pull/484#issuecomment-389177188', 'author': {'login': 'WIgor'}}}, {'node': {'authorAssociation': 'CONTRIBUTOR', 'createdAt': '2019-05-30T13:50:26Z', 'updatedAt': '2019-05-30T13:50:26Z', 'url': 'https://github.com/MariaDB/server/pull/484#issuecomment-497336280', 'author': {'login': 'andrelkin'}}}]}",MariaDB,server,49.13840277777778
16,CLOSED,MDExOlB1bGxSZXF1ZXN0MTQ5OTY0Njk0,MDEV-14531 - 10.3 fused madd ppc64,https://github.com/MariaDB/server/pull/482,2017-11-01 05:25:54+00:00,2018-04-11T00:09:49Z,2018-04-03 12:15:53+00:00,{'edges': []},482,MEMBER,grooverdan,,,33,64,8,"{'edges': [{'node': {'authorAssociation': 'MEMBER', 'createdAt': '2017-11-21T03:14:11Z', 'updatedAt': '2017-11-21T03:14:11Z', 'url': 'https://github.com/MariaDB/server/pull/482#issuecomment-345903919', 'author': {'login': 'grooverdan'}}}, {'node': {'authorAssociation': 'NONE', 'createdAt': '2017-11-29T11:27:10Z', 'updatedAt': '2017-11-29T11:27:10Z', 'url': 'https://github.com/MariaDB/server/pull/482#issuecomment-347832364', 'author': {'login': 'svoj'}}}, {'node': {'authorAssociation': 'NONE', 'createdAt': '2018-03-05T20:24:29Z', 'updatedAt': '2018-03-05T20:24:29Z', 'url': 'https://github.com/MariaDB/server/pull/482#issuecomment-370552602', 'author': {'login': 'codership-jenkins'}}}, {'node': {'authorAssociation': 'MEMBER', 'createdAt': '2018-04-02T11:00:39Z', 'updatedAt': '2018-04-02T11:00:39Z', 'url': 'https://github.com/MariaDB/server/pull/482#issuecomment-377907321', 'author': {'login': 'vuvova'}}}, {'node': {'authorAssociation': 'MEMBER', 'createdAt': '2018-04-03T06:33:18Z', 'updatedAt': '2018-04-03T06:33:18Z', 'url': 'https://github.com/MariaDB/server/pull/482#issuecomment-378143170', 'author': {'login': 'grooverdan'}}}, {'node': {'authorAssociation': 'MEMBER', 'createdAt': '2018-04-03T09:17:30Z', 'updatedAt': '2018-04-03T09:17:30Z', 'url': 'https://github.com/MariaDB/server/pull/482#issuecomment-378184447', 'author': {'login': 'vuvova'}}}, {'node': {'authorAssociation': 'MEMBER', 'createdAt': '2018-04-03T09:50:32Z', 'updatedAt': '2018-04-03T09:50:32Z', 'url': 'https://github.com/MariaDB/server/pull/482#issuecomment-378193922', 'author': {'login': 'grooverdan'}}}, {'node': {'authorAssociation': 'MEMBER', 'createdAt': '2018-04-03T12:15:53Z', 'updatedAt': '2018-04-03T12:15:53Z', 'url': 'https://github.com/MariaDB/server/pull/482#issuecomment-378229120', 'author': {'login': 'vuvova'}}}, {'node': {'authorAssociation': 'MEMBER', 'createdAt': '2018-04-03T21:34:48Z', 'updatedAt': '2018-04-03T21:34:48Z', 'url': 'https://github.com/MariaDB/server/pull/482#issuecomment-378406856', 'author': {'login': 'grooverdan'}}}]}",MariaDB,server,59.77368055555556
17,CLOSED,MDExOlB1bGxSZXF1ZXN0MTQ5MTM5Nzk2,System Versioning 1.0 review,https://github.com/MariaDB/server/pull/478,2017-10-27 09:23:37+00:00,2018-01-26T09:59:50Z,2018-01-26 09:59:50+00:00,{'edges': []},478,CONTRIBUTOR,midenok,,,118,513,29,"{'edges': [{'node': {'authorAssociation': 'CONTRIBUTOR', 'createdAt': '2017-10-30T17:17:46Z', 'updatedAt': '2017-10-30T17:17:46Z', 'url': 'https://github.com/MariaDB/server/pull/478#issuecomment-340517558', 'author': {'login': 'dr-m'}}}, {'node': {'authorAssociation': 'CONTRIBUTOR', 'createdAt': '2017-10-31T18:15:05Z', 'updatedAt': '2017-10-31T18:15:05Z', 'url': 'https://github.com/MariaDB/server/pull/478#issuecomment-340854411', 'author': {'login': 'dr-m'}}}, {'node': {'authorAssociation': 'CONTRIBUTOR', 'createdAt': '2017-11-01T17:39:56Z', 'updatedAt': '2017-11-02T10:16:54Z', 'url': 'https://github.com/MariaDB/server/pull/478#issuecomment-341181658', 'author': {'login': 'dr-m'}}}, {'node': {'authorAssociation': 'CONTRIBUTOR', 'createdAt': '2017-11-06T11:59:07Z', 'updatedAt': '2017-11-06T11:59:07Z', 'url': 'https://github.com/MariaDB/server/pull/478#issuecomment-342128132', 'author': {'login': 'dr-m'}}}, {'node': {'authorAssociation': 'CONTRIBUTOR', 'createdAt': '2017-11-11T09:14:09Z', 'updatedAt': '2017-11-11T09:14:09Z', 'url': 'https://github.com/MariaDB/server/pull/478#issuecomment-343651464', 'author': {'login': 'dr-m'}}}, {'node': {'authorAssociation': 'CONTRIBUTOR', 'createdAt': '2017-11-13T00:17:14Z', 'updatedAt': '2017-11-13T00:17:14Z', 'url': 'https://github.com/MariaDB/server/pull/478#issuecomment-343780771', 'author': {'login': 'dr-m'}}}, {'node': {'authorAssociation': 'CONTRIBUTOR', 'createdAt': '2017-11-15T02:29:55Z', 'updatedAt': '2017-11-15T02:29:55Z', 'url': 'https://github.com/MariaDB/server/pull/478#issuecomment-344466608', 'author': {'login': 'dr-m'}}}, {'node': {'authorAssociation': 'CONTRIBUTOR', 'createdAt': '2017-11-15T21:08:09Z', 'updatedAt': '2017-11-15T21:18:57Z', 'url': 'https://github.com/MariaDB/server/pull/478#issuecomment-344728695', 'author': {'login': 'midenok'}}}, {'node': {'authorAssociation': 'CONTRIBUTOR', 'createdAt': '2017-11-16T16:15:03Z', 'updatedAt': '2017-11-16T16:15:03Z', 'url': 'https://github.com/MariaDB/server/pull/478#issuecomment-344973557', 'author': {'login': 'dr-m'}}}, {'node': {'authorAssociation': 'CONTRIBUTOR', 'createdAt': '2017-11-20T12:23:42Z', 'updatedAt': '2017-11-20T12:23:42Z', 'url': 'https://github.com/MariaDB/server/pull/478#issuecomment-345680815', 'author': {'login': 'midenok'}}}, {'node': {'authorAssociation': 'CONTRIBUTOR', 'createdAt': '2017-11-20T14:49:30Z', 'updatedAt': '2017-11-20T14:49:30Z', 'url': 'https://github.com/MariaDB/server/pull/478#issuecomment-345717614', 'author': {'login': 'dr-m'}}}, {'node': {'authorAssociation': 'CONTRIBUTOR', 'createdAt': '2017-11-21T09:02:34Z', 'updatedAt': '2017-11-21T09:02:34Z', 'url': 'https://github.com/MariaDB/server/pull/478#issuecomment-345960430', 'author': {'login': 'dr-m'}}}, {'node': {'authorAssociation': 'CONTRIBUTOR', 'createdAt': '2017-11-21T20:06:00Z', 'updatedAt': '2017-11-21T20:06:00Z', 'url': 'https://github.com/MariaDB/server/pull/478#issuecomment-346145232', 'author': {'login': 'midenok'}}}, {'node': {'authorAssociation': 'CONTRIBUTOR', 'createdAt': '2017-11-28T09:15:47Z', 'updatedAt': '2017-11-28T09:15:47Z', 'url': 'https://github.com/MariaDB/server/pull/478#issuecomment-347460458', 'author': {'login': 'dr-m'}}}]}",MariaDB,server,64.60859953703704
18,CLOSED,MDExOlB1bGxSZXF1ZXN0MTQ5MDc1NTc3,MDEV-14207: mysql innodb_gis test fixes,https://github.com/MariaDB/server/pull/477,2017-10-27 00:22:32+00:00,2018-01-08T21:57:51Z,2018-01-08 21:57:48+00:00,{'edges': []},477,MEMBER,grooverdan,,,8,8,4,"{'edges': [{'node': {'authorAssociation': 'NONE', 'createdAt': '2017-10-27T08:03:43Z', 'updatedAt': '2017-10-27T08:03:43Z', 'url': 'https://github.com/MariaDB/server/pull/477#issuecomment-339902254', 'author': {'login': 'svoj'}}}, {'node': {'authorAssociation': 'CONTRIBUTOR', 'createdAt': '2017-10-27T11:42:18Z', 'updatedAt': '2017-10-27T11:42:18Z', 'url': 'https://github.com/MariaDB/server/pull/477#issuecomment-339948712', 'author': {'login': 'dr-m'}}}, {'node': {'authorAssociation': 'MEMBER', 'createdAt': '2017-10-31T05:09:15Z', 'updatedAt': '2017-10-31T05:09:15Z', 'url': 'https://github.com/MariaDB/server/pull/477#issuecomment-340661669', 'author': {'login': 'grooverdan'}}}, {'node': {'authorAssociation': 'MEMBER', 'createdAt': '2017-11-02T03:46:41Z', 'updatedAt': '2017-11-02T03:46:41Z', 'url': 'https://github.com/MariaDB/server/pull/477#issuecomment-341310098', 'author': {'login': 'grooverdan'}}}, {'node': {'authorAssociation': 'CONTRIBUTOR', 'createdAt': '2017-11-06T10:22:28Z', 'updatedAt': '2017-11-06T10:22:28Z', 'url': 'https://github.com/MariaDB/server/pull/477#issuecomment-342106127', 'author': {'login': 'dr-m'}}}, {'node': {'authorAssociation': 'CONTRIBUTOR', 'createdAt': '2018-01-04T18:52:08Z', 'updatedAt': '2018-01-04T18:52:08Z', 'url': 'https://github.com/MariaDB/server/pull/477#issuecomment-355366243', 'author': {'login': 'dr-m'}}}, {'node': {'authorAssociation': 'MEMBER', 'createdAt': '2018-01-08T21:57:48Z', 'updatedAt': '2018-01-08T21:57:48Z', 'url': 'https://github.com/MariaDB/server/pull/477#issuecomment-356109615', 'author': {'login': 'grooverdan'}}}]}",MariaDB,server,64.98435185185186
19,CLOSED,MDExOlB1bGxSZXF1ZXN0MTQ3MDY5OTA0,[Ubuntu] Cannot stop mysqld process,https://github.com/MariaDB/server/pull/470,2017-10-17 15:15:06+00:00,2018-02-28T01:56:21Z,2018-02-28 01:56:20+00:00,{'edges': []},470,NONE,cweiland,,,1,0,1,"{'edges': [{'node': {'authorAssociation': 'NONE', 'createdAt': '2017-10-19T11:02:57Z', 'updatedAt': '2017-10-19T11:02:57Z', 'url': 'https://github.com/MariaDB/server/pull/470#issuecomment-337874492', 'author': {'login': 'svoj'}}}, {'node': {'authorAssociation': 'CONTRIBUTOR', 'createdAt': '2017-11-16T07:33:49Z', 'updatedAt': '2017-11-16T07:33:49Z', 'url': 'https://github.com/MariaDB/server/pull/470#issuecomment-344839580', 'author': {'login': 'ottok'}}}, {'node': {'authorAssociation': 'CONTRIBUTOR', 'createdAt': '2017-11-24T09:29:03Z', 'updatedAt': '2017-11-24T09:29:03Z', 'url': 'https://github.com/MariaDB/server/pull/470#issuecomment-346782681', 'author': {'login': 'ottok'}}}, {'node': {'authorAssociation': 'CONTRIBUTOR', 'createdAt': '2018-02-28T01:56:20Z', 'updatedAt': '2018-02-28T01:56:20Z', 'url': 'https://github.com/MariaDB/server/pull/470#issuecomment-369093931', 'author': {'login': 'ottok'}}}]}",MariaDB,server,74.3645138888889
20,CLOSED,MDExOlB1bGxSZXF1ZXN0MTQ1NzE1Njk3,Fix misuse of MY_CHECK_CXX_COMPILER_FLAG in storage/innobase/innodb.c…,https://github.com/MariaDB/server/pull/466,2017-10-10 14:52:37+00:00,2018-04-05T16:24:06Z,2018-04-05 16:24:06+00:00,{'edges': []},466,NONE,satanson,,,2,2,1,"{'edges': [{'node': {'authorAssociation': 'NONE', 'createdAt': '2017-10-11T15:37:00Z', 'updatedAt': '2017-10-11T15:37:00Z', 'url': 'https://github.com/MariaDB/server/pull/466#issuecomment-335852664', 'author': {'login': 'svoj'}}}, {'node': {'authorAssociation': 'NONE', 'createdAt': '2017-10-11T15:54:12Z', 'updatedAt': '2017-10-11T15:54:12Z', 'url': 'https://github.com/MariaDB/server/pull/466#issuecomment-335857869', 'author': {'login': 'svoj'}}}, {'node': {'authorAssociation': 'CONTRIBUTOR', 'createdAt': '2017-10-15T12:39:29Z', 'updatedAt': '2017-10-15T12:39:29Z', 'url': 'https://github.com/MariaDB/server/pull/466#issuecomment-336708927', 'author': {'login': 'dr-m'}}}, {'node': {'authorAssociation': 'NONE', 'createdAt': '2018-03-05T20:24:31Z', 'updatedAt': '2018-03-05T20:24:31Z', 'url': 'https://github.com/MariaDB/server/pull/466#issuecomment-370552610', 'author': {'login': 'codership-jenkins'}}}, {'node': {'authorAssociation': 'CONTRIBUTOR', 'createdAt': '2018-03-06T06:27:56Z', 'updatedAt': '2018-03-06T06:27:56Z', 'url': 'https://github.com/MariaDB/server/pull/466#issuecomment-370677694', 'author': {'login': 'dr-m'}}}, {'node': {'authorAssociation': 'NONE', 'createdAt': '2018-03-06T10:11:08Z', 'updatedAt': '2018-03-06T10:11:08Z', 'url': 'https://github.com/MariaDB/server/pull/466#issuecomment-370731221', 'author': {'login': 'svoj'}}}, {'node': {'authorAssociation': 'NONE', 'createdAt': '2018-04-05T16:24:06Z', 'updatedAt': '2018-04-05T16:24:06Z', 'url': 'https://github.com/MariaDB/server/pull/466#issuecomment-378994618', 'author': {'login': 'svoj'}}}]}",MariaDB,server,81.38012731481481
21,CLOSED,MDExOlB1bGxSZXF1ZXN0MTQxOTk2NzU1,"Unix does not have ss command, replacing it with lsof",https://github.com/MariaDB/server/pull/451,2017-09-20 02:20:56+00:00,2018-02-28T21:23:30Z,2018-02-28 21:23:30+00:00,{'edges': []},451,CONTRIBUTOR,angeloudy,,,2,12,1,"{'edges': [{'node': {'authorAssociation': 'MEMBER', 'createdAt': '2017-09-20T04:07:47Z', 'updatedAt': '2017-09-20T04:10:23Z', 'url': 'https://github.com/MariaDB/server/pull/451#issuecomment-330739627', 'author': {'login': 'grooverdan'}}}, {'node': {'authorAssociation': 'NONE', 'createdAt': '2017-09-25T13:22:46Z', 'updatedAt': '2017-09-25T13:22:46Z', 'url': 'https://github.com/MariaDB/server/pull/451#issuecomment-331879146', 'author': {'login': 'svoj'}}}, {'node': {'authorAssociation': 'CONTRIBUTOR', 'createdAt': '2017-10-11T04:16:01Z', 'updatedAt': '2017-10-11T04:16:01Z', 'url': 'https://github.com/MariaDB/server/pull/451#issuecomment-335677465', 'author': {'login': 'angeloudy'}}}, {'node': {'authorAssociation': 'CONTRIBUTOR', 'createdAt': '2017-10-11T04:22:01Z', 'updatedAt': '2017-10-11T04:22:01Z', 'url': 'https://github.com/MariaDB/server/pull/451#issuecomment-335678166', 'author': {'login': 'angeloudy'}}}, {'node': {'authorAssociation': 'CONTRIBUTOR', 'createdAt': '2017-10-11T05:35:29Z', 'updatedAt': '2017-10-11T05:35:29Z', 'url': 'https://github.com/MariaDB/server/pull/451#issuecomment-335688246', 'author': {'login': 'janlindstrom'}}}, {'node': {'authorAssociation': 'CONTRIBUTOR', 'createdAt': '2017-10-11T22:52:19Z', 'updatedAt': '2017-10-11T22:52:19Z', 'url': 'https://github.com/MariaDB/server/pull/451#issuecomment-335971399', 'author': {'login': 'angeloudy'}}}, {'node': {'authorAssociation': 'CONTRIBUTOR', 'createdAt': '2017-10-16T04:56:20Z', 'updatedAt': '2017-10-16T04:56:20Z', 'url': 'https://github.com/MariaDB/server/pull/451#issuecomment-336780397', 'author': {'login': 'angeloudy'}}}, {'node': {'authorAssociation': 'NONE', 'createdAt': '2017-12-24T05:17:27Z', 'updatedAt': '2017-12-24T05:17:27Z', 'url': 'https://github.com/MariaDB/server/pull/451#issuecomment-353766044', 'author': {'login': 'ari'}}}, {'node': {'authorAssociation': 'MEMBER', 'createdAt': '2018-01-30T11:12:51Z', 'updatedAt': '2018-01-30T11:12:51Z', 'url': 'https://github.com/MariaDB/server/pull/451#issuecomment-361561594', 'author': {'login': 'grooverdan'}}}, {'node': {'authorAssociation': 'CONTRIBUTOR', 'createdAt': '2018-02-28T21:23:30Z', 'updatedAt': '2018-02-28T21:23:30Z', 'url': 'https://github.com/MariaDB/server/pull/451#issuecomment-369387714', 'author': {'login': 'janlindstrom'}}}]}",MariaDB,server,101.90212962962963
22,MERGED,MDExOlB1bGxSZXF1ZXN0MTE5Mzg2MzI0,MDEV-12646: systemd service file changes from Fedora,https://github.com/MariaDB/server/pull/387,2017-05-08 06:46:30+00:00,2019-09-20T06:06:47Z,2019-09-20 05:59:19+00:00,{'edges': [{'node': {'name': 'license-mca'}}]},387,MEMBER,grooverdan,{'login': 'cvicentiu'},{'oid': '75bcf1f9ad4a4bb5fa9cb8818abe6ace52e53d85'},23,47,3,"{'edges': [{'node': {'authorAssociation': 'NONE', 'createdAt': '2017-05-08T10:21:50Z', 'updatedAt': '2017-05-08T10:21:50Z', 'url': 'https://github.com/MariaDB/server/pull/387#issuecomment-299829883', 'author': {'login': 'svoj'}}}, {'node': {'authorAssociation': 'MEMBER', 'createdAt': '2017-05-09T02:18:26Z', 'updatedAt': '2017-05-09T02:18:26Z', 'url': 'https://github.com/MariaDB/server/pull/387#issuecomment-300042624', 'author': {'login': 'grooverdan'}}}, {'node': {'authorAssociation': 'MEMBER', 'createdAt': '2018-01-08T23:27:23Z', 'updatedAt': '2018-01-08T23:27:23Z', 'url': 'https://github.com/MariaDB/server/pull/387#issuecomment-356129523', 'author': {'login': 'grooverdan'}}}, {'node': {'authorAssociation': 'MEMBER', 'createdAt': '2018-01-18T10:34:13Z', 'updatedAt': '2018-01-18T10:34:13Z', 'url': 'https://github.com/MariaDB/server/pull/387#issuecomment-358606163', 'author': {'login': 'grooverdan'}}}, {'node': {'authorAssociation': 'MEMBER', 'createdAt': '2018-03-05T07:46:07Z', 'updatedAt': '2018-03-05T08:35:46Z', 'url': 'https://github.com/MariaDB/server/pull/387#issuecomment-370335113', 'author': {'login': 'grooverdan'}}}, {'node': {'authorAssociation': 'NONE', 'createdAt': '2018-03-05T20:24:35Z', 'updatedAt': '2018-03-05T20:24:35Z', 'url': 'https://github.com/MariaDB/server/pull/387#issuecomment-370552627', 'author': {'login': 'codership-jenkins'}}}, {'node': {'authorAssociation': 'CONTRIBUTOR', 'createdAt': '2018-03-06T09:46:07Z', 'updatedAt': '2018-03-06T09:46:07Z', 'url': 'https://github.com/MariaDB/server/pull/387#issuecomment-370723490', 'author': {'login': 'ottok'}}}, {'node': {'authorAssociation': 'MEMBER', 'createdAt': '2018-03-06T22:03:01Z', 'updatedAt': '2018-03-06T22:03:01Z', 'url': 'https://github.com/MariaDB/server/pull/387#issuecomment-370944930', 'author': {'login': 'grooverdan'}}}, {'node': {'authorAssociation': 'MEMBER', 'createdAt': '2018-04-06T05:16:01Z', 'updatedAt': '2018-04-06T05:16:01Z', 'url': 'https://github.com/MariaDB/server/pull/387#issuecomment-379150291', 'author': {'login': 'grooverdan'}}}, {'node': {'authorAssociation': 'MEMBER', 'createdAt': '2018-05-08T08:36:21Z', 'updatedAt': '2018-05-08T08:36:21Z', 'url': 'https://github.com/MariaDB/server/pull/387#issuecomment-387328082', 'author': {'login': 'grooverdan'}}}, {'node': {'authorAssociation': 'MEMBER', 'createdAt': '2019-09-20T06:06:47Z', 'updatedAt': '2019-09-20T06:06:47Z', 'url': 'https://github.com/MariaDB/server/pull/387#issuecomment-533420359', 'author': {'login': 'cvicentiu'}}}]}",MariaDB,server,236.71770833333332
23,CLOSED,MDExOlB1bGxSZXF1ZXN0MTE4NzQ5NTI1,WIP: Update debian/ directory based on latest mariadb-10.3 Debian packaging,https://github.com/MariaDB/server/pull/380,2017-05-03 12:27:13+00:00,2018-01-27T10:46:36Z,2018-01-27 10:46:36+00:00,{'edges': []},380,NONE,oerdnj,,,4763,9597,156,"{'edges': [{'node': {'authorAssociation': 'CONTRIBUTOR', 'createdAt': '2017-05-12T12:09:02Z', 'updatedAt': '2017-05-12T12:09:02Z', 'url': 'https://github.com/MariaDB/server/pull/380#issuecomment-301059709', 'author': {'login': 'ottok'}}}, {'node': {'authorAssociation': 'NONE', 'createdAt': '2017-06-05T09:13:51Z', 'updatedAt': '2017-06-05T09:13:51Z', 'url': 'https://github.com/MariaDB/server/pull/380#issuecomment-306141497', 'author': {'login': 'svoj'}}}, {'node': {'authorAssociation': 'NONE', 'createdAt': '2017-08-31T14:53:38Z', 'updatedAt': '2017-08-31T14:53:38Z', 'url': 'https://github.com/MariaDB/server/pull/380#issuecomment-326320897', 'author': {'login': 'svoj'}}}, {'node': {'authorAssociation': 'CONTRIBUTOR', 'createdAt': '2018-01-08T19:27:03Z', 'updatedAt': '2018-01-08T19:27:03Z', 'url': 'https://github.com/MariaDB/server/pull/380#issuecomment-356069767', 'author': {'login': 'ottok'}}}, {'node': {'authorAssociation': 'CONTRIBUTOR', 'createdAt': '2018-01-08T19:50:01Z', 'updatedAt': '2018-01-08T19:50:01Z', 'url': 'https://github.com/MariaDB/server/pull/380#issuecomment-356076155', 'author': {'login': 'ottok'}}}, {'node': {'authorAssociation': 'NONE', 'createdAt': '2018-01-27T10:46:36Z', 'updatedAt': '2018-01-27T10:46:36Z', 'url': 'https://github.com/MariaDB/server/pull/380#issuecomment-360976469', 'author': {'login': 'svoj'}}}]}",MariaDB,server,241.48109953703704
24,MERGED,MDExOlB1bGxSZXF1ZXN0MTE3NDI2OTAy,MDEV-10814: Coredumps to exclude query cache,https://github.com/MariaDB/server/pull/366,2017-04-25 08:15:58+00:00,2018-04-24T08:40:48Z,2018-04-24 08:13:53+00:00,{'edges': []},366,MEMBER,grooverdan,{'login': 'sanja-byelkin'},{'oid': '31aa27776868ddd656ddb5d39e3d0a1a82e2e218'},1,19,2,"{'edges': [{'node': {'authorAssociation': 'NONE', 'createdAt': '2017-04-26T10:41:11Z', 'updatedAt': '2017-04-26T10:41:11Z', 'url': 'https://github.com/MariaDB/server/pull/366#issuecomment-297347690', 'author': {'login': 'svoj'}}}, {'node': {'authorAssociation': 'MEMBER', 'createdAt': '2017-06-20T09:15:06Z', 'updatedAt': '2017-06-20T09:15:06Z', 'url': 'https://github.com/MariaDB/server/pull/366#issuecomment-309694400', 'author': {'login': 'sanja-byelkin'}}}, {'node': {'authorAssociation': 'MEMBER', 'createdAt': '2017-06-20T12:20:13Z', 'updatedAt': '2017-06-20T12:20:13Z', 'url': 'https://github.com/MariaDB/server/pull/366#issuecomment-309735893', 'author': {'login': 'grooverdan'}}}, {'node': {'authorAssociation': 'MEMBER', 'createdAt': '2017-11-21T03:37:48Z', 'updatedAt': '2017-11-21T03:37:48Z', 'url': 'https://github.com/MariaDB/server/pull/366#issuecomment-345907214', 'author': {'login': 'grooverdan'}}}, {'node': {'authorAssociation': 'CONTRIBUTOR', 'createdAt': '2018-02-25T11:56:25Z', 'updatedAt': '2018-02-25T11:56:25Z', 'url': 'https://github.com/MariaDB/server/pull/366#issuecomment-368303343', 'author': {'login': 'dr-m'}}}, {'node': {'authorAssociation': 'NONE', 'createdAt': '2018-03-05T20:24:37Z', 'updatedAt': '2018-03-05T20:24:37Z', 'url': 'https://github.com/MariaDB/server/pull/366#issuecomment-370552637', 'author': {'login': 'codership-jenkins'}}}, {'node': {'authorAssociation': 'MEMBER', 'createdAt': '2018-04-24T08:40:48Z', 'updatedAt': '2018-04-24T08:40:48Z', 'url': 'https://github.com/MariaDB/server/pull/366#issuecomment-383851949', 'author': {'login': 'grooverdan'}}}]}",MariaDB,server,249.6555787037037
25,MERGED,MDExOlB1bGxSZXF1ZXN0MTE3NDE2NDQx,MDEV-10814: innodb large allocations - Don't dump,https://github.com/MariaDB/server/pull/364,2017-04-25 07:05:12+00:00,2018-02-22T08:09:19Z,2018-02-22 06:36:24+00:00,{'edges': []},364,MEMBER,grooverdan,{'login': 'dr-m'},{'oid': 'b600f30786816e33c1706dd36cdabf21034dc781'},41,180,8,"{'edges': [{'node': {'authorAssociation': 'NONE', 'createdAt': '2017-04-25T08:41:57Z', 'updatedAt': '2017-04-25T08:46:34Z', 'url': 'https://github.com/MariaDB/server/pull/364#issuecomment-296961293', 'author': {'login': 'svoj'}}}, {'node': {'authorAssociation': 'MEMBER', 'createdAt': '2017-08-22T23:48:06Z', 'updatedAt': '2017-08-22T23:54:52Z', 'url': 'https://github.com/MariaDB/server/pull/364#issuecomment-324182022', 'author': {'login': 'grooverdan'}}}, {'node': {'authorAssociation': 'CONTRIBUTOR', 'createdAt': '2017-08-28T09:35:42Z', 'updatedAt': '2017-08-28T09:35:42Z', 'url': 'https://github.com/MariaDB/server/pull/364#issuecomment-325307968', 'author': {'login': 'dr-m'}}}, {'node': {'authorAssociation': 'NONE', 'createdAt': '2017-08-28T09:39:13Z', 'updatedAt': '2017-08-28T09:39:27Z', 'url': 'https://github.com/MariaDB/server/pull/364#issuecomment-325308684', 'author': {'login': 'svoj'}}}, {'node': {'authorAssociation': 'NONE', 'createdAt': '2017-08-28T09:41:35Z', 'updatedAt': '2017-08-28T09:41:35Z', 'url': 'https://github.com/MariaDB/server/pull/364#issuecomment-325309172', 'author': {'login': 'svoj'}}}, {'node': {'authorAssociation': 'MEMBER', 'createdAt': '2017-08-29T00:40:42Z', 'updatedAt': '2017-08-29T00:40:42Z', 'url': 'https://github.com/MariaDB/server/pull/364#issuecomment-325521258', 'author': {'login': 'grooverdan'}}}, {'node': {'authorAssociation': 'CONTRIBUTOR', 'createdAt': '2017-10-18T18:42:32Z', 'updatedAt': '2017-10-18T18:42:32Z', 'url': 'https://github.com/MariaDB/server/pull/364#issuecomment-337689232', 'author': {'login': 'dr-m'}}}, {'node': {'authorAssociation': 'MEMBER', 'createdAt': '2017-10-26T06:13:13Z', 'updatedAt': '2017-10-26T06:13:13Z', 'url': 'https://github.com/MariaDB/server/pull/364#issuecomment-339562152', 'author': {'login': 'grooverdan'}}}, {'node': {'authorAssociation': 'MEMBER', 'createdAt': '2017-11-20T10:31:06Z', 'updatedAt': '2017-11-20T10:31:06Z', 'url': 'https://github.com/MariaDB/server/pull/364#issuecomment-345655419', 'author': {'login': 'grooverdan'}}}, {'node': {'authorAssociation': 'NONE', 'createdAt': '2017-11-28T15:25:16Z', 'updatedAt': '2017-11-28T15:25:16Z', 'url': 'https://github.com/MariaDB/server/pull/364#issuecomment-347558340', 'author': {'login': 'ari'}}}, {'node': {'authorAssociation': 'MEMBER', 'createdAt': '2018-01-17T09:07:37Z', 'updatedAt': '2018-01-17T09:07:37Z', 'url': 'https://github.com/MariaDB/server/pull/364#issuecomment-358241327', 'author': {'login': 'vuvova'}}}, {'node': {'authorAssociation': 'MEMBER', 'createdAt': '2018-01-17T09:13:09Z', 'updatedAt': '2018-01-17T09:13:09Z', 'url': 'https://github.com/MariaDB/server/pull/364#issuecomment-358242688', 'author': {'login': 'grooverdan'}}}, {'node': {'authorAssociation': 'MEMBER', 'createdAt': '2018-02-17T09:23:09Z', 'updatedAt': '2018-02-17T09:23:09Z', 'url': 'https://github.com/MariaDB/server/pull/364#issuecomment-366428799', 'author': {'login': 'grooverdan'}}}, {'node': {'authorAssociation': 'MEMBER', 'createdAt': '2018-02-22T08:09:15Z', 'updatedAt': '2018-02-22T08:09:15Z', 'url': 'https://github.com/MariaDB/server/pull/364#issuecomment-367598900', 'author': {'login': 'grooverdan'}}}]}",MariaDB,server,249.70472222222222
26,CLOSED,MDExOlB1bGxSZXF1ZXN0ODE1NjM0Mzg=,MDEV-4476: mytop tracker,https://github.com/MariaDB/server/pull/215,2016-08-16 23:42:47+00:00,2019-11-14T22:36:24Z,2019-11-14 10:33:47+00:00,{'edges': [{'node': {'name': 'license-bsd-new'}}]},215,CONTRIBUTOR,jb-boin,,,261,475,1,"{'edges': [{'node': {'authorAssociation': 'NONE', 'createdAt': '2016-08-17T07:04:28Z', 'updatedAt': '2016-08-17T07:04:28Z', 'url': 'https://github.com/MariaDB/server/pull/215#issuecomment-240330383', 'author': {'login': 'svoj'}}}, {'node': {'authorAssociation': 'CONTRIBUTOR', 'createdAt': '2016-08-17T11:06:20Z', 'updatedAt': '2016-08-17T11:06:20Z', 'url': 'https://github.com/MariaDB/server/pull/215#issuecomment-240380850', 'author': {'login': 'jb-boin'}}}, {'node': {'authorAssociation': 'NONE', 'createdAt': '2017-03-09T18:42:35Z', 'updatedAt': '2017-03-09T18:42:35Z', 'url': 'https://github.com/MariaDB/server/pull/215#issuecomment-285441443', 'author': {'login': 'svoj'}}}, {'node': {'authorAssociation': 'CONTRIBUTOR', 'createdAt': '2017-03-16T16:46:07Z', 'updatedAt': '2017-03-16T16:46:41Z', 'url': 'https://github.com/MariaDB/server/pull/215#issuecomment-287118727', 'author': {'login': 'jb-boin'}}}, {'node': {'authorAssociation': 'NONE', 'createdAt': '2018-03-05T20:24:40Z', 'updatedAt': '2018-03-05T20:24:40Z', 'url': 'https://github.com/MariaDB/server/pull/215#issuecomment-370552650', 'author': {'login': 'codership-jenkins'}}}, {'node': {'authorAssociation': 'NONE', 'createdAt': '2019-09-13T16:13:33Z', 'updatedAt': '2019-10-22T13:02:49Z', 'url': 'https://github.com/MariaDB/server/pull/215#issuecomment-531299562', 'author': {'login': 'CLAassistant'}}}, {'node': {'authorAssociation': 'CONTRIBUTOR', 'createdAt': '2019-11-05T07:49:49Z', 'updatedAt': '2019-11-05T07:49:49Z', 'url': 'https://github.com/MariaDB/server/pull/215#issuecomment-549703790', 'author': {'login': 'an3l'}}}, {'node': {'authorAssociation': 'CONTRIBUTOR', 'createdAt': '2019-11-14T10:37:01Z', 'updatedAt': '2019-11-14T10:37:01Z', 'url': 'https://github.com/MariaDB/server/pull/215#issuecomment-553828790', 'author': {'login': 'an3l'}}}, {'node': {'authorAssociation': 'CONTRIBUTOR', 'createdAt': '2019-11-14T14:12:32Z', 'updatedAt': '2019-11-14T14:12:32Z', 'url': 'https://github.com/MariaDB/server/pull/215#issuecomment-553905247', 'author': {'login': 'jb-boin'}}}, {'node': {'authorAssociation': 'CONTRIBUTOR', 'createdAt': '2019-11-14T22:36:24Z', 'updatedAt': '2019-11-14T22:36:24Z', 'url': 'https://github.com/MariaDB/server/pull/215#issuecomment-554113569', 'author': {'login': 'an3l'}}}]}",MariaDB,server,501.0119560185185
27,CLOSED,MDExOlB1bGxSZXF1ZXN0ODE0ODQ4NTY=,GSOC-MDEV-371:Long unique constarints using hash index.,https://github.com/MariaDB/server/pull/214,2016-08-16 14:47:43+00:00,2019-02-26T21:37:12Z,2019-02-26 21:37:11+00:00,{'edges': []},214,NONE,shubhambaraiss,,,453,2003,43,"{'edges': [{'node': {'authorAssociation': 'NONE', 'createdAt': '2018-03-05T20:24:42Z', 'updatedAt': '2018-03-05T20:24:42Z', 'url': 'https://github.com/MariaDB/server/pull/214#issuecomment-370552658', 'author': {'login': 'codership-jenkins'}}}, {'node': {'authorAssociation': 'MEMBER', 'createdAt': '2019-02-26T21:37:11Z', 'updatedAt': '2019-02-26T21:37:11Z', 'url': 'https://github.com/MariaDB/server/pull/214#issuecomment-467624019', 'author': {'login': 'vuvova'}}}]}",MariaDB,server,501.3835300925926
28,CLOSED,MDExOlB1bGxSZXF1ZXN0ODA4Mzc4Mjc=,MDEV-7258 support TokuDB read free replication,https://github.com/MariaDB/server/pull/213,2016-08-10 17:51:40+00:00,2018-01-23T22:25:24Z,2018-01-17 09:01:08+00:00,{'edges': []},213,CONTRIBUTOR,prohaska7,,,48,33,18,"{'edges': [{'node': {'authorAssociation': 'NONE', 'createdAt': '2016-08-17T06:49:52Z', 'updatedAt': '2016-08-17T06:49:52Z', 'url': 'https://github.com/MariaDB/server/pull/213#issuecomment-240327926', 'author': {'login': 'svoj'}}}, {'node': {'authorAssociation': 'NONE', 'createdAt': '2016-12-06T19:16:50Z', 'updatedAt': '2016-12-06T19:16:50Z', 'url': 'https://github.com/MariaDB/server/pull/213#issuecomment-265244387', 'author': {'login': 'jocel1'}}}, {'node': {'authorAssociation': 'NONE', 'createdAt': '2016-12-08T16:56:36Z', 'updatedAt': '2016-12-08T16:56:36Z', 'url': 'https://github.com/MariaDB/server/pull/213#issuecomment-265792504', 'author': {'login': 'svoj'}}}, {'node': {'authorAssociation': 'NONE', 'createdAt': '2017-10-19T23:32:18Z', 'updatedAt': '2017-10-19T23:32:18Z', 'url': 'https://github.com/MariaDB/server/pull/213#issuecomment-338066092', 'author': {'login': 'atopiler'}}}, {'node': {'authorAssociation': 'NONE', 'createdAt': '2017-12-31T08:49:40Z', 'updatedAt': '2017-12-31T08:49:40Z', 'url': 'https://github.com/MariaDB/server/pull/213#issuecomment-354592509', 'author': {'login': 'starinacool'}}}, {'node': {'authorAssociation': 'MEMBER', 'createdAt': '2018-01-02T12:21:03Z', 'updatedAt': '2018-01-02T12:21:03Z', 'url': 'https://github.com/MariaDB/server/pull/213#issuecomment-354755744', 'author': {'login': 'vuvova'}}}, {'node': {'authorAssociation': 'NONE', 'createdAt': '2018-01-23T22:24:18Z', 'updatedAt': '2018-01-23T22:25:24Z', 'url': 'https://github.com/MariaDB/server/pull/213#issuecomment-359952131', 'author': {'login': 'jocel1'}}}]}",MariaDB,server,507.255787037037
29,CLOSED,MDExOlB1bGxSZXF1ZXN0MjIzODg0Mjc=,mdev 6817,https://github.com/MariaDB/server/pull/13,2014-10-07 22:20:28+00:00,2019-09-04T07:22:12Z,2019-09-04 07:22:12+00:00,{'edges': []},13,NONE,rspadim,,,2,4,1,"{'edges': [{'node': {'authorAssociation': 'NONE', 'createdAt': '2018-03-05T20:24:45Z', 'updatedAt': '2018-03-05T20:24:45Z', 'url': 'https://github.com/MariaDB/server/pull/13#issuecomment-370552679', 'author': {'login': 'codership-jenkins'}}}, {'node': {'authorAssociation': 'CONTRIBUTOR', 'createdAt': '2019-06-05T13:00:57Z', 'updatedAt': '2019-06-05T13:01:29Z', 'url': 'https://github.com/MariaDB/server/pull/13#issuecomment-499072849', 'author': {'login': 'an3l'}}}, {'node': {'authorAssociation': 'NONE', 'createdAt': '2019-06-05T13:05:26Z', 'updatedAt': '2019-06-05T13:05:26Z', 'url': 'https://github.com/MariaDB/server/pull/13#issuecomment-499074511', 'author': {'login': 'svoj'}}}, {'node': {'authorAssociation': 'CONTRIBUTOR', 'createdAt': '2019-09-04T07:22:12Z', 'updatedAt': '2019-09-04T07:22:12Z', 'url': 'https://github.com/MariaDB/server/pull/13#issuecomment-527777159', 'author': {'login': 'montywi'}}}]}",MariaDB,server,1180.0691203703705
30,CLOSED,MDExOlB1bGxSZXF1ZXN0MjE2MjI4MDI=,MDEV 6766,https://github.com/MariaDB/server/pull/8,2014-09-23 03:00:41+00:00,2019-09-03T11:40:02Z,2019-09-03 11:40:02+00:00,{'edges': []},8,NONE,rspadim,,,9,47,5,"{'edges': [{'node': {'authorAssociation': 'NONE', 'createdAt': '2018-03-05T20:24:49Z', 'updatedAt': '2018-03-05T20:24:49Z', 'url': 'https://github.com/MariaDB/server/pull/8#issuecomment-370552696', 'author': {'login': 'codership-jenkins'}}}, {'node': {'authorAssociation': 'MEMBER', 'createdAt': '2019-06-05T12:25:18Z', 'updatedAt': '2019-06-05T12:25:18Z', 'url': 'https://github.com/MariaDB/server/pull/8#issuecomment-499061117', 'author': {'login': 'sanja-byelkin'}}}, {'node': {'authorAssociation': 'MEMBER', 'createdAt': '2019-09-03T11:40:02Z', 'updatedAt': '2019-09-03T11:40:02Z', 'url': 'https://github.com/MariaDB/server/pull/8#issuecomment-527422122', 'author': {'login': 'sanja-byelkin'}}}]}",MariaDB,server,1194.874525462963
31,CLOSED,MDExOlB1bGxSZXF1ZXN0MjE2MTAxNzk=,MDEV-6631 / MDEV-7132,https://github.com/MariaDB/server/pull/7,2014-09-22 21:23:37+00:00,2019-09-03T11:37:45Z,2019-09-03 11:37:45+00:00,{'edges': []},7,NONE,rspadim,,,12,58,3,"{'edges': [{'node': {'authorAssociation': 'NONE', 'createdAt': '2018-03-05T20:24:53Z', 'updatedAt': '2018-03-05T20:24:53Z', 'url': 'https://github.com/MariaDB/server/pull/7#issuecomment-370552715', 'author': {'login': 'codership-jenkins'}}}, {'node': {'authorAssociation': 'MEMBER', 'createdAt': '2019-09-03T11:37:45Z', 'updatedAt': '2019-09-03T11:37:45Z', 'url': 'https://github.com/MariaDB/server/pull/7#issuecomment-527421462', 'author': {'login': 'sanja-byelkin'}}}]}",MariaDB,server,1195.108599537037
32,CLOSED,MDExOlB1bGxSZXF1ZXN0MTc1ODI3NTA=,Added Master_Host to the Replication information,https://github.com/MariaDB/server/pull/3,2014-06-25 10:39:29+00:00,2018-12-13T20:43:20Z,2018-12-13 20:43:20+00:00,{'edges': []},3,NONE,kahun,,,9,10,1,"{'edges': [{'node': {'authorAssociation': 'NONE', 'createdAt': '2016-09-21T09:06:01Z', 'updatedAt': '2016-09-21T09:06:01Z', 'url': 'https://github.com/MariaDB/server/pull/3#issuecomment-248553933', 'author': {'login': 'svoj'}}}, {'node': {'authorAssociation': 'NONE', 'createdAt': '2018-03-05T20:24:55Z', 'updatedAt': '2018-03-05T20:24:55Z', 'url': 'https://github.com/MariaDB/server/pull/3#issuecomment-370552727', 'author': {'login': 'codership-jenkins'}}}]}",MariaDB,server,1284.555914351852
